Time,Speed_des,Wheel_speed,Speed_error,Sp_err_cum,Angle_des,imu_angle,angle_err,ang_err_cum,angle_diff,motor_output
1654028892.831601,0.7,0.0,0.7,0.007729983329772949,10,-7.662199974060059,17.66219997406006,0.19504073052371496,1599.426474080791,-841.6537338484819
1654028892.8531065,0.7,-1.4815278371175131,0.7,0.007729983329772949,10,-7.532199859619141,17.53219985961914,0.5720811070766558,-6.044944069356216,-374.0020826829488
1654028892.8765254,0.7,-2.839225260416667,3.539225260416667,0.09061475764028729,10,-7.071199893951416,17.071199893951416,0.9718698874758047,-19.684951031295178,-378.2807876185752
1654028892.9011538,0.7,-2.6499267578125,3.539225260416667,0.09061475764028729,10,-6.0991997718811035,16.099199771881104,1.3683674320590171,-39.46663568863203,-370.3521717416292
1654028892.9256692,0.7,-2.56123046875,3.26123046875,0.17056509575340897,10,-4.756499767303467,14.756499767303467,1.7301287847346885,-54.76967663505957,-354.82475888387773
1654028892.9513166,0.7,-2.413618977864583,3.26123046875,0.17056509575340897,10,-3.371500015258789,13.371500015258789,2.0730730184243384,-54.001561730173925,-342.4447445967945
1654028892.9769201,0.7,-2.4258651733398438,3.125865173339844,0.250598287219691,10,-1.7587000131607056,11.758700013160706,2.37413727979245,-62.99130730335509,-320.7386483830754
1654028893.0104764,0.7,-2.4071993509928387,3.125865173339844,0.250598287219691,10,0.06989999860525131,9.930100001394749,2.7073539290139426,-54.49361855660947,-301.3774873375256
1654028893.0269637,0.7,-2.1134679158528646,2.813467915852865,0.2969849455985241,10,2.033900022506714,7.966099977493286,2.8386938871437284,-119.12155880800543,-248.48806294178814
1654028893.051344,0.7,-1.0797303517659504,2.813467915852865,0.2969849455985241,10,4.383999824523926,5.616000175476074,2.975613134280758,-96.3937589235072,-214.3288537408227
1654028893.0767748,0.7,-0.9213905970255534,1.6213905970255533,0.3382183964956767,10,7.796299934387207,2.203700065612793,3.031655249372699,-134.17919654994608,-137.2130733196708
1654028893.1009438,0.7,-0.7499828338623047,1.6213905970255533,0.3382183964956767,10,11.386699676513672,-1.3866996765136719,2.998140148987142,-148.55411750779308,-59.61793777282289
1654028893.126775,0.7,-0.3338032086690267,1.0338032086690268,0.3649227972353553,10,14.522100448608398,-4.522100448608398,2.8813287659772246,-121.38027025031381,0.0776243442642226
1654028893.1527076,0.7,-0.16672247250874836,1.0338032086690268,0.3649227972353553,10,17.58799934387207,-7.58799934387207,2.684552590327195,-118.22589156836966,69.1074403735557
1654028893.1770363,0.7,-0.08228384653727214,0.7822838465372721,0.3839547530183306,10,20.108299255371094,-10.108299255371094,2.4386307228095863,-103.59365751357284,125.94433055787192
1654028893.203103,0.7,0.0,0.7822838465372721,0.3839547530183306,10,22.136499404907227,-12.136499404907227,2.122271261755424,-77.80785131525994,172.69240797548386
1654028893.2273612,0.7,0.0,0.7,0.4009354487428179,10,24.127599716186523,-14.127599716186523,1.7795620159012575,-82.0796886364083,228.87517221499763
1654028893.2528498,0.7,0.0,0.7,0.4009354487428179,10,25.601600646972656,-15.601600646972656,1.3818988230649953,-57.82977728305911,268.57739790951103
1654028893.2778292,0.7,0.08253449598948161,0.6174655040105184,0.41635933750259446,10,26.87150001525879,-16.87150001525879,0.9604596693702039,-50.83796088612307,310.4211631187237
1654028893.3020003,0.7,0.2503763198852539,0.6174655040105184,0.41635933750259446,10,27.74570083618164,-17.74570083618164,0.5315263120186788,-36.16717136347047,342.37701040385207
1654028893.3268478,0.7,1.184430185953776,-0.48443018595377607,0.4043224548351172,10,28.1294002532959,-18.1294002532959,0.0810559036748888,-15.442169298969468,363.6541960939137
1654028893.352025,0.7,1.4815278371175131,-0.48443018595377607,0.4043224548351172,10,28.02120018005371,-18.02120018005371,-0.3726681850449207,4.297535061221011,375.53214322468443
1654028893.377201,0.7,2.6416028340657554,-1.9416028340657554,0.3554405681464061,10,27.675399780273438,-17.675399780273438,-0.8176649032603276,13.73529300352286,385.3646634478663
1654028893.401611,0.7,2.8120160420735676,-1.9416028340657554,0.3554405681464061,10,26.89739990234375,-16.89739990234375,-1.230130593444363,31.87216627760468,382.51209427514556
1654028893.4280198,0.7,3.068994903564453,-2.3689949035644533,0.2928785579801854,10,25.677600860595703,-15.677600860595703,-1.6441552175356886,46.189336077857824,372.038045960127
1654028893.455059,0.7,2.676880645751953,-2.3689949035644533,0.2928785579801854,10,24.161699295043945,-14.161699295043945,-2.0270775042250246,56.06292158608953,355.6065196109531
1654028893.4769742,0.7,2.316271209716797,-1.6162712097167968,0.25745765541185506,10,21.58799934387207,-11.58799934387207,-2.281030796997646,117.43904959801564,296.8936270659331
1654028893.5009902,0.7,2.5787859598795575,-1.6162712097167968,0.25745765541185506,10,19.44420051574707,-9.44420051574707,-2.5078418049625437,89.26579966246402,272.44930983455413
1654028893.526314,0.7,1.3643904368082682,-0.6643904368082683,0.2406327198239656,10,17.649700164794922,-7.649700164794922,-2.7015618006290136,70.86201702191761,250.60411741699974
1654028893.553021,0.7,1.5337493896484375,-0.6643904368082683,0.2406327198239656,10,15.784899711608887,-5.784899711608887,-2.85605873528022,69.82458019764857,220.41720452521284
1654028893.5783186,0.7,1.410614267985026,-0.710614267985026,0.2226558546470926,10,13.890299797058105,-3.8902997970581055,-2.9544741458624397,74.89235293008878,185.33515248008283
1654028893.601706,0.7,1.3613118489583333,-0.710614267985026,0.2226558546470926,10,11.701800346374512,-1.7018003463745117,-2.994274885908288,93.57587620037923,137.71133904734114
1654028893.626319,0.7,1.0002394358317057,-0.30023943583170576,0.21526609035755842,10,9.545999526977539,0.45400047302246094,-2.983100616033715,87.58823643373307,95.89994671491431
1654028893.6516387,0.7,1.355645751953125,-0.30023943583170576,0.21526609035755842,10,7.7692999839782715,2.2307000160217285,-2.926619705016895,70.17032175444213,63.10617017397617
1654028893.6765435,0.7,1.1781280517578125,-0.4781280517578126,0.20335844131006028,10,6.962600231170654,3.0373997688293457,-2.850974090141966,32.39143004844052,54.977435575127416
1654028893.702045,0.7,0.7471505482991536,-0.4781280517578126,0.20335844131006028,10,7.445499897003174,2.554500102996826,-2.785830532231847,-18.936135600826468,77.16738203851267
1654028893.7258632,0.7,0.9061249415079753,-0.20612494150797533,0.19844890500043938,10,8.154899597167969,1.8451004028320312,-2.7418834613129714,-29.783866027367093,92.67602404934024
1654028893.7516587,0.7,0.9111713409423828,-0.20612494150797533,0.19844890500043938,10,9.200599670410156,0.7994003295898438,-2.7212625622890467,-40.53814444423905,115.9089894821929
1654028893.7835453,0.7,0.6676542282104492,0.03234577178955078,0.19948030096283936,10,10.030400276184082,-0.03040027618408203,-2.7222319230548404,-26.023507948138953,128.1932625225363
1654028893.8010623,0.7,0.9544183095296224,0.03234577178955078,0.19948030096283936,10,10.496800422668457,-0.49680042266845703,-2.7309344206931367,-26.625435540069688,138.08475362588806
1654028893.8253481,0.7,0.9426712036132813,-0.24267120361328132,0.19358683827094672,10,10.59529972076416,-0.5952997207641602,-2.745391746665808,-4.055840254461919,133.9199833449173
1654028893.8518198,0.7,1.0839288075764975,-0.24267120361328132,0.19358683827094672,10,10.248700141906738,-0.24870014190673828,-2.751975241032431,13.093254075475096,122.1329372209192
1654028893.8757653,0.7,0.6927466710408529,0.007253328959147098,0.19376052336721344,10,10.63640022277832,-0.6364002227783203,-2.7672142071099355,-16.190889630109027,139.34269645743626
1654028893.9020748,0.7,1.009167989095052,0.007253328959147098,0.19376052336721344,10,11.392600059509277,-1.3926000595092773,-2.803852804733486,-28.742473946533757,159.84426678241906
1654028893.9284708,0.7,0.7560392379760742,-0.05603923797607424,0.19228130961588663,10,11.662799835205078,-1.6627998352050781,-2.8477441292905663,-10.2363769385709,161.62765147445774
1654028893.9533968,0.7,0.8442436854044596,-0.05603923797607424,0.19228130961588663,10,11.813199996948242,-1.8131999969482422,-2.8929398566581934,-6.033879499172621,165.36351748167712
1654028893.9867892,0.7,0.9257165908813476,-0.22571659088134766,0.1847440843013506,10,11.622400283813477,-1.6224002838134766,-2.947115743515786,5.713861400277028,160.406939970881
1654028894.0033207,0.7,1.1555647532145181,-0.22571659088134766,0.1847440843013506,10,11.202199935913086,-1.202199935913086,-2.9669898726099913,25.418212235714904,146.96608944238685
1654028894.0263693,0.7,1.1806578318277994,-0.4806578318277994,0.17366557531004026,10,10.437399864196777,-0.43739986419677734,-2.977071344308632,33.18200531689303,129.78453483844743
1654028894.0518155,0.7,1.2153738657633464,-0.4806578318277994,0.17366557531004026,10,9.904800415039062,0.0951995849609375,-2.974648878864235,20.930431279221207,122.70142958704122
1654028894.0760357,0.7,0.5896460215250651,0.11035397847493489,0.1763383738509503,10,9.967700004577637,0.03229999542236328,-2.9738665656044017,-2.596985834801697,130.98322472858692
1654028894.1026022,0.7,0.9975512822469076,0.11035397847493489,0.1763383738509503,10,10.544899940490723,-0.5448999404907227,-2.988342652833415,-21.726603726172954,148.9030566523366
1654028894.1273246,0.7,0.8355453491210938,-0.13554534912109384,0.17298737595322672,10,11.147899627685547,-1.1478996276855469,-3.0167214151009087,-24.39088463059223,163.01100020732858
1654028894.1526368,0.7,0.9806649525960286,-0.13554534912109384,0.17298737595322672,10,11.379199981689453,-1.3791999816894531,-3.051631980585915,-9.137905375493327,164.59717839221733
1654028894.1760244,0.7,1.0071083068847657,-0.30710830688476576,0.165804828058782,10,11.126899719238281,-1.1268997192382812,-3.0779875399251235,10.787746572200417,154.73312216981094
1654028894.2009308,0.7,1.1602224985758463,-0.30710830688476576,0.165804828058782,10,10.58430004119873,-0.5843000411987305,-3.0925403486399485,21.785554970564302,141.22210967296306
1654028894.227075,0.7,1.3584019978841146,-0.6584019978841147,0.14859139100653723,10,9.540800094604492,0.4591999053955078,-3.080534904107088,39.91314735949369,114.3855934649536
1654028894.252801,0.7,0.582278823852539,-0.6584019978841147,0.14859139100653723,10,9.250900268554688,0.7490997314453125,-3.0612636831315907,11.268818001519898,116.33296202842776
1654028894.2756472,0.7,0.9191878000895183,-0.21918780008951833,0.1435837778826964,10,9.682600021362305,0.3173999786376953,-3.0540122927810156,-18.895892469527467,133.69730905046902
1654028894.3007185,0.7,0.828416124979655,-0.21918780008951833,0.1435837778826964,10,10.29259967803955,-0.2925996780395508,-3.06134817123513,-24.330515324704965,147.85046769254822
1654028894.326424,0.7,0.8664270401000976,-0.16642704010009768,0.1393057146437342,10,10.782500267028809,-0.7825002670288086,-3.0814626047120495,-19.05832158492246,156.95185642338308
1654028894.3518987,0.7,0.9147265752156576,-0.16642704010009768,0.1393057146437342,10,11.051799774169922,-1.0517997741699219,-3.1082569796715855,-10.57121732538442,160.97066778656352
1654028894.3757045,0.7,1.0992692311604817,-0.39926923116048174,0.1298007685401273,10,10.880599975585938,-0.8805999755859375,-3.129220416504557,7.191499163737244,153.14024808879807
1654028894.4005456,0.7,1.257164764404297,-0.39926923116048174,0.1298007685401273,10,10.287199974060059,-0.2871999740600586,-3.1363547712144904,23.887859795951666,136.57725147585325
1654028894.4255214,0.7,1.3157362620035806,-0.6157362620035807,0.11442227717125009,10,10.072099685668945,-0.07209968566894531,-3.1381555168619055,8.612356332811485,136.9371295554593
1654028894.452251,0.7,0.6634405136108399,-0.6157362620035807,0.11442227717125009,10,10.322600364685059,-0.3226003646850586,-3.146778490324385,-9.371664050235479,147.72176008304476
1654028894.4755578,0.7,1.0902748107910156,-0.39027481079101567,0.10532620201702032,10,10.836299896240234,-0.8362998962402344,-3.166270003733251,-22.04071361348664,162.65409217311372
1654028894.5048785,0.7,0.8223351796468099,-0.39027481079101567,0.10532620201702032,10,10.91569995880127,-0.9156999588012695,-3.193118982952063,-2.7079850382175965,159.62362993738142
1654028894.5261955,0.7,1.0197179794311524,-0.31971797943115243,0.09851077220055034,10,10.765199661254883,-0.7651996612548828,-3.209430748077528,7.060105133653954,154.4009146004127
1654028894.5508657,0.7,1.1745648701985678,-0.31971797943115243,0.09851077220055034,10,10.325699806213379,-0.3256998062133789,-3.2174658027011613,17.815064653922725,142.73797204694185
1654028894.5754006,0.7,1.2450439453125,-0.5450439453125,0.0851381513127288,10,9.569999694824219,0.43000030517578125,-3.2069157707042617,30.800975638197595,123.26399511601261
1654028894.6006541,0.7,1.4047781626383464,-0.5450439453125,0.0851381513127288,10,8.539600372314453,1.4603996276855469,-3.1700355185899465,40.80218275884857,98.03291543659213
1654028894.6265445,0.7,0.752404530843099,-0.05240453084309904,0.08378137964970346,10,8.342499732971191,1.6575002670288086,-3.1271222559849488,7.612899661116841,102.15950402442651
1654028894.6517467,0.7,1.0931864420572917,-0.05240453084309904,0.08378137964970346,10,8.828800201416016,1.1711997985839844,-3.097605357374567,-19.29589616483454,118.65940860225162
1654028894.6758559,0.7,0.9163398106892904,-0.21633981068929042,0.07856561608160927,10,9.397500038146973,0.6024999618530273,-3.0830796103990163,-23.588572106684072,130.6820752525014
1654028894.7029219,0.7,0.7569852828979492,-0.21633981068929042,0.07856561608160927,10,9.915399551391602,0.08460044860839844,-3.0807898153037225,-19.13469517190349,139.60315145276687
1654028894.72577,0.7,0.8531667073567708,-0.15316670735677085,0.07506604335168457,10,10.31760025024414,-0.3176002502441406,-3.0880463868782666,-17.603222305701646,147.50701271923703
1654028894.752473,0.7,0.9975037892659505,-0.15316670735677085,0.07506604335168457,10,10.352299690246582,-0.35229969024658203,-3.0974538875285074,-1.2994526834581834,143.7238006612234
1654028894.7771707,0.7,1.1881688435872395,-0.48816884358723955,0.06300947274107586,10,10.021100044250488,-0.02110004425048828,-3.0979750067616063,13.410226954599427,132.7098330961406
1654028894.801526,0.7,1.2010295867919922,-0.48816884358723955,0.06300947274107586,10,9.90410041809082,0.09589958190917969,-3.0956393329786973,4.803845174931966,132.8489854603995
1654028894.8260021,0.7,0.5806895573933919,0.11931044260660806,0.0659297212585878,10,10.21030044555664,-0.21030044555664062,-3.1007866574789826,-12.510188973309955,144.39367853220102
1654028894.8524222,0.7,1.0035500844319662,0.11931044260660806,0.0659297212585878,10,10.80459976196289,-0.8045997619628906,-3.122044276865216,-22.49419748407241,160.21020266654904
1654028894.8763807,0.7,0.7465831120808919,-0.04658311208089194,0.06481366234871938,10,11.377599716186523,-1.3775997161865234,-3.1550494233400226,-23.91640876115794,173.54909157903884
1654028894.9006991,0.7,0.9170611063639323,-0.04658311208089194,0.06481366234871938,10,11.347000122070312,-1.3470001220703125,-3.187806387415838,1.25828684594947,166.82599743391827
1654028894.9269059,0.7,0.9893159866333008,-0.2893159866333008,0.057231635882648776,10,11.063899993896484,-1.0638999938964844,-3.215687729213931,10.80257280360993,159.52748812225965
1654028894.950888,0.7,1.252270253499349,-0.2893159866333008,0.057231635882648776,10,10.356900215148926,-0.3569002151489258,-3.224246927317216,29.480375392690977,140.1607564871287
1654028894.9766572,0.7,1.323834228515625,-0.6238342285156251,0.04115590585571634,10,9.32759952545166,0.6724004745483398,-3.206919682346159,39.94300729062581,115.67355434507645
1654028895.0005991,0.7,0.6708578745524089,-0.6238342285156251,0.04115590585571634,10,9.440799713134766,0.5592002868652344,-3.193531312593512,-4.7281019717187815,130.74980260832547
1654028895.0254712,0.7,1.0139986673990886,-0.31399866739908866,0.033346110718849686,10,9.773200035095215,0.22679996490478516,-3.1878903292172875,-13.36440409888709,139.74049641713106
1654028895.0505207,0.7,0.8343287150065104,-0.31399866739908866,0.033346110718849686,10,10.344200134277344,-0.34420013427734375,-3.1965123525870407,-22.794917432065866,154.3690214289964
1654028895.0768182,0.7,0.99442933400472,-0.29442933400472004,0.025603334911297203,10,10.445799827575684,-0.4457998275756836,-3.2082358044354518,-3.8634632819582957,151.23741093126102
1654028895.1020896,0.7,0.9111497879028321,-0.29442933400472004,0.025603334911297203,10,10.132800102233887,-0.13280010223388672,-3.2115918510253945,12.385523982037059,140.25038629518397
1654028895.1259353,0.7,1.0840839385986327,-0.38408393859863277,0.01644459505770508,10,9.628000259399414,0.37199974060058594,-3.202721267000987,21.169452887537993,127.12890506977031
1654028895.1513162,0.7,1.3220816294352213,-0.38408393859863277,0.01644459505770508,10,8.934300422668457,1.065699577331543,-3.1756729060560414,27.331623690761354,110.21612921260655
1654028895.1767442,0.7,1.2592482248942056,-0.5592482248942057,0.0022239994762589758,10,8.882800102233887,1.1171998977661133,-3.1472646836915086,2.025334495982298,115.52804777830941
1654028895.2011662,0.7,0.6674629847208658,-0.5592482248942057,0.0022239994762589758,10,9.081600189208984,0.9183998107910156,-3.1248355875127967,-8.140228246756417,121.56683810876966
1654028895.2253933,0.7,0.996295420328776,-0.2962954203287761,-0.00495439184495401,10,9.940199851989746,0.059800148010253906,-3.123386800815359,-35.439576444654385,146.86488920906703
1654028895.250918,0.7,0.8336123784383138,-0.2962954203287761,-0.00495439184495401,10,10.604599952697754,-0.6045999526977539,-3.138818982587571,-26.029778251041492,158.00896776312064
1654028895.2770648,0.7,0.8389748891194662,-0.1389748891194662,-0.008588152807429219,10,10.850700378417969,-0.8507003784179688,-3.16106215072711,-9.41222599117336,158.92440999770423
1654028895.3005824,0.7,1.0716578165690105,-0.1389748891194662,-0.008588152807429219,10,10.852399826049805,-0.8523998260498047,-3.181108556243151,-0.07226277372262774,157.0384518278115
1654028895.32597,0.7,1.0876780192057292,-0.3876780192057292,-0.018430338428472345,10,10.528300285339355,-0.5283002853393555,-3.194520793239752,12.766094118309965,147.2950923738432
1654028895.3512452,0.7,1.2568935394287108,-0.3876780192057292,-0.018430338428472345,10,9.861200332641602,0.13879966735839844,-3.191012599666754,26.393427159189525,129.71053289041237
1654028895.377391,0.7,0.582889175415039,0.11711082458496092,-0.015368366414215594,10,10.169400215148926,-0.16940021514892578,-3.19544172669095,-11.787678727750219,147.52374389570537
1654028895.401229,0.7,1.0402023951212565,0.11711082458496092,-0.015368366414215594,10,10.556400299072266,-0.5564002990722656,-3.208705088407731,-16.234719902383404,157.1814458421005
1654028895.42645,0.7,0.8365051905314128,-0.13650519053141286,-0.018811178756946476,10,10.99779987335205,-0.9977998733520508,-3.2338707081631295,-17.501195821713853,167.49666737273287
1654028895.4552224,0.7,0.982318623860677,-0.13650519053141286,-0.018811178756946476,10,11.105299949645996,-1.105299949645996,-3.265672789729768,-3.7362280411004307,166.91647015335985
1654028895.4757502,0.7,0.9145742416381836,-0.21457424163818362,-0.023215924384599504,10,11.015000343322754,-1.015000343322754,-3.286508554032997,4.398885017421603,163.58671773868045
1654028895.5011592,0.7,1.2530783335367839,-0.21457424163818362,-0.023215924384599504,10,10.595800399780273,-0.5958003997802734,-3.301647236399793,16.498099893969393,152.23905642900553
1654028895.5265043,0.7,1.3295623779296875,-0.6295623779296875,-0.03917223765750853,10,9.72189998626709,0.27810001373291016,-3.2945987673427393,34.48007149240393,129.05632404070113
1654028895.5514367,0.7,1.0710516611735026,-0.6295623779296875,-0.03917223765750853,10,9.649399757385254,0.3506002426147461,-3.285857467291242,2.9078738500965824,136.69336155349075
1654028895.5772128,0.7,1.0013856887817383,-0.3013856887817383,-0.04694079972913235,10,9.817099571228027,0.18290042877197266,-3.281142998798776,-6.5060076031559575,142.66408565265348
1654028895.6005924,0.7,0.9135528564453125,-0.3013856887817383,-0.04694079972913235,10,10.129400253295898,-0.12940025329589844,-3.284168320339239,-13.357848686021965,151.09876576665107
1654028895.6263862,0.7,0.912555440266927,-0.21255544026692708,-0.05242341029244823,10,10.3996000289917,-0.3996000289916992,-3.294475519897622,-10.475380591013709,156.09153763263348
1654028895.651347,0.7,1.0936073303222655,-0.21255544026692708,-0.05242341029244823,10,10.464099884033203,-0.4640998840332031,-3.3060598040027056,-2.5840505095851682,155.52384420965865
1654028895.6757789,0.7,1.0015052795410155,-0.3015052795410156,-0.05978977036576804,10,10.160699844360352,-0.16069984436035156,-3.309986013583801,12.418170285435473,145.12793039926362
1654028895.7014923,0.7,1.196185302734375,-0.3015052795410156,-0.05978977036576804,10,9.675700187683105,0.32429981231689453,-3.3016471485996757,18.86171534538711,133.1279636884317
1654028895.7266214,0.7,1.3233329772949218,-0.6233329772949219,-0.075453554505856,10,9.461999893188477,0.5380001068115234,-3.288127700973126,8.504103454491979,131.36638567023948
1654028895.752045,0.7,0.6951923370361328,-0.6233329772949219,-0.075453554505856,10,9.778599739074707,0.22140026092529297,-3.282498925513954,-12.453026239285782,143.73785537589384
1654028895.775383,0.7,1.0123099644978841,-0.3123099644978842,-0.08274226927111965,10,10.411299705505371,-0.4112997055053711,-3.292097870719834,-27.110198494182068,161.21135997003472
1654028895.8023415,0.7,0.8295958836873373,-0.3123099644978842,-0.08274226927111965,10,11.044099807739258,-1.0440998077392578,-3.3202451994448605,-23.473149851422104,174.01472988578564
1654028895.8264477,0.7,0.9301958719889323,-0.23019587198893232,-0.08829143175932483,10,11.258399963378906,-1.2583999633789062,-3.3505805213235984,-8.889811985085403,175.26048580134207
1654028895.8514307,0.7,0.9977885564168294,-0.23019587198893232,-0.08829143175932483,10,11.05090045928955,-1.0509004592895508,-3.3768350931255267,8.305651518332601,167.1070578278144
1654028895.876242,0.7,1.2592482248942056,-0.5592482248942057,-0.10216708926336851,10,10.428099632263184,-0.4280996322631836,-3.3874567877692865,25.101531720254453,150.07963179103592
1654028895.9011886,0.7,1.4186636606852214,-0.5592482248942057,-0.10216708926336851,10,9.65470027923584,0.34529972076416016,-3.3788427028144437,31.00208345279737,132.4624594727131
1654028895.9263487,0.7,0.749286142985026,-0.049286142985026093,-0.10340713227957973,10,9.883199691772461,0.11680030822753906,-3.3759039983888837,-9.081825848818808,148.92831751920573
1654028895.9528854,0.7,1.1543380737304687,-0.049286142985026093,-0.10340713227957973,10,10.087400436401367,-0.08740043640136719,-3.3782233178213286,-7.695030682012165,152.69834391676943
1654028895.9836113,0.7,0.8208192189534506,-0.1208192189534506,-0.1071194182806438,10,10.221799850463867,-0.2217998504638672,-3.3850383302593112,-4.374132873969924,154.689923402878
1654028896.0010245,0.7,1.0027982711791992,-0.1208192189534506,-0.1071194182806438,10,10.278900146484375,-0.278900146484375,-3.3898948573728998,-3.279150008215127,155.7171216565596
1654028896.0260472,0.7,0.936084238688151,-0.2360842386881511,-0.11302689401512502,10,10.046699523925781,-0.04669952392578125,-3.391063407657901,9.279582289215172,147.3569057286987
1654028896.0538182,0.7,1.0899087270100911,-0.2360842386881511,-0.11302689401512502,10,9.603899955749512,0.3961000442504883,-3.3800633148762866,15.944677197802198,136.0173818102062
1654028896.0760312,0.7,1.2540974934895834,-0.5540974934895835,-0.12533505176273643,10,8.977299690246582,1.022700309753418,-3.3573460911225705,28.20874119869483,118.80659945471629
1654028896.1011999,0.7,0.634447987874349,-0.5540974934895835,-0.12533505176273643,10,9.16349983215332,0.8365001678466797,-3.3362925050642556,-7.398095959835173,132.2862956538442
1654028896.125475,0.7,0.9476433436075846,-0.24764334360758467,-0.13134660989397667,10,10.098299980163574,-0.09829998016357422,-3.338678743419967,-38.508657689776754,160.42046162068306
1654028896.1521199,0.7,0.807135009765625,-0.24764334360758467,-0.13134660989397667,10,10.775500297546387,-0.7755002975463867,-3.359341906307753,-25.415714451891155,170.9457641640362
1654028896.1773825,0.7,0.999143409729004,-0.299143409729004,-0.13890374846845185,10,11.087900161743164,-1.087900161743164,-3.386825086649031,-12.366103870364952,174.48813820853013
1654028896.201248,0.7,1.002175267537435,-0.299143409729004,-0.13890374846845185,10,11.206600189208984,-1.2066001892089844,-3.415621156828882,-4.973716021139072,175.91144949099223
1654028896.2255638,0.7,1.18400026957194,-0.4840002695719401,-0.15067261870129692,10,10.966300010681152,-0.9663000106811523,-3.439117547526683,9.882456759618778,167.68243527691146
1654028896.2513468,0.7,1.3601341247558594,-0.4840002695719401,-0.15067261870129692,10,10.188699722290039,-0.18869972229003906,-3.4439828041623226,30.15934604501489,146.2614340154385
1654028896.2767982,0.7,0.7532873789469401,-0.053287378946940134,-0.15202885825617057,10,9.887100219726562,0.1128997802734375,-3.441109344240493,11.850006088935935,145.59581371443215
1654028896.302442,0.7,0.912447166442871,-0.053287378946940134,-0.15202885825617057,10,10.377799987792969,-0.37779998779296875,-3.450797581213072,-19.1352014726938,165.13165377104266
1654028896.3266168,0.7,1.091269810994466,-0.3912698109944661,-0.1614876847398005,10,10.7878999710083,-0.7878999710083008,-3.4698448189574886,-16.964022249398397,173.52037812911502
1654028896.3518128,0.7,1.0362788518269856,-0.3912698109944661,-0.1614876847398005,10,11.13759994506836,-1.1375999450683594,-3.4985078729933488,-13.879144587433762,180.85008868930464
1654028896.3758016,0.7,0.9909287134806315,-0.29092871348063154,-0.1684666932798508,10,11.11400032043457,-1.1140003204345703,-3.5252313189431046,0.9837799157191699,177.09505046747225
1654028896.4029164,0.7,1.2673145294189454,-0.29092871348063154,-0.1684666932798508,10,10.619799613952637,-0.6197996139526367,-3.542037103763567,18.22618880135059,162.7777682042445
1654028896.425289,0.7,1.3653666178385417,-0.6653666178385418,-0.1833525974294106,10,9.750699996948242,0.2493000030517578,-3.5364596433824484,38.84680882807422,138.9641815993703
1654028896.4514742,0.7,0.9197374979654948,-0.6653666178385418,-0.1833525974294106,10,9.501799583435059,0.4982004165649414,-3.523414128905932,9.505358329767184,142.21460584163202
1654028896.4756289,0.7,0.9114737828572591,-0.21147378285725915,-0.1884606754058364,10,9.708600044250488,0.2913999557495117,-3.5163754611515454,-8.561512950094757,151.46097506070618
1654028896.500972,0.7,1.0058765411376953,-0.21147378285725915,-0.1884606754058364,10,9.969599723815918,0.03040027618408203,-3.5156050214891987,-10.298616141565613,157.1682002643128
1654028896.5256512,0.7,0.9970295588175456,-0.29702955881754567,-0.19579112252944064,10,10.099499702453613,-0.09949970245361328,-3.518060592950013,-5.263544323363475,158.36372343588187
1654028896.550927,0.7,1.079140599568685,-0.29702955881754567,-0.19579112252944064,10,10.062199592590332,-0.06219959259033203,-3.5196327316430764,1.475729620616145,155.66511315791715
1654028896.5779486,0.7,1.2485425313313803,-0.5485425313313803,-0.2106136449010915,10,9.66469955444336,0.3353004455566406,-3.510572361532075,14.710429956677872,143.34604600927514
1654028896.601413,0.7,1.2671919504801432,-0.5485425313313803,-0.2106136449010915,10,8.98740005493164,1.0125999450683594,-3.486812269561204,28.86493187152626,124.50826139786791
1654028896.6255157,0.7,0.9136614481608073,-0.21366144816080734,-0.21576346008863362,10,9.146100044250488,0.8538999557495117,-3.466230985484861,-6.584327457613706,137.41146248362776
1654028896.6513498,0.7,0.9850639979044596,-0.21366144816080734,-0.21576346008863362,10,9.722399711608887,0.2776002883911133,-3.459059436439082,-22.30772638340286,153.3389273505182
1654028896.6782098,0.7,0.740331522623698,-0.04033152262369799,-0.21684676473399628,10,10.488900184631348,-0.48890018463134766,-3.472191294764178,-28.536876769721015,171.11548369316708
1654028896.7008626,0.7,0.919583511352539,-0.04033152262369799,-0.21684676473399628,10,11.047499656677246,-1.047499656677246,-3.4959201625047793,-24.659109806026542,182.16821322556316
1654028896.7265143,0.7,1.0499409357706706,-0.34994093577067065,-0.2258233423069386,10,11.054300308227539,-1.054300308227539,-3.5229647507040394,-0.2651151118587986,176.17598972908615
1654028896.7514474,0.7,1.258945846557617,-0.34994093577067065,-0.2258233423069386,10,10.613499641418457,-0.613499641418457,-3.538261198458093,17.679336756648212,162.64968453353077
1654028896.7778013,0.7,1.4192735036214192,-0.7192735036214193,-0.24477895830337024,10,9.833200454711914,0.16679954528808594,-3.53386539058676,29.608561916479697,143.2715177051118
1654028896.8013527,0.7,0.9193855921427408,-0.7192735036214193,-0.24477895830337024,10,9.97029972076416,0.029700279235839844,-3.533165905527147,-5.821262983134579,156.61167315341802
1654028896.826071,0.7,0.8204049428304037,-0.1204049428304037,-0.24775516194833372,10,10.230400085449219,-0.23040008544921875,-3.5388610004127425,-10.522589606080482,163.4746626089692
1654028896.8517804,0.7,1.0764561971028646,-0.1204049428304037,-0.24775516194833372,10,10.807000160217285,-0.8070001602172852,-3.55960848277852,-22.427605649476504,179.49105814144355
1654028896.8788671,0.7,1.1951919555664063,-0.4951919555664064,-0.26116829510985456,10,10.856100082397461,-0.8561000823974609,-3.582797438648475,-1.8126925446703634,175.30889671188322
1654028896.9026089,0.7,1.0979676564534506,-0.4951919555664064,-0.26116829510985456,10,10.536100387573242,-0.5361003875732422,-3.5955253850716584,13.478369150431813,164.88161394948827
1654028896.9276319,0.7,1.27738037109375,-0.57738037109375,-0.2756160746384184,10,9.827699661254883,0.1723003387451172,-3.5912139165294032,28.31000247727576,146.07440480920866
1654028896.9521887,0.7,1.4132984161376954,-0.57738037109375,-0.2756160746384184,10,8.964200019836426,1.0357999801635742,-3.565777905654448,35.163254012174875,125.62925204187177
1654028896.9784274,0.7,0.5185322761535645,0.1814677238464355,-0.27085460112279536,10,9.309200286865234,0.6907997131347656,-3.547652233116258,-13.148537522829908,146.225265251269
1654028897.0013738,0.7,1.1618075052897134,0.1814677238464355,-0.27085460112279536,10,9.826499938964844,0.17350006103515625,-3.5436710386500803,-22.543867669672913,159.2146847808023
1654028897.0271742,0.7,0.8373268127441407,-0.1373268127441407,-0.27439769695969873,10,10.624099731445312,-0.6240997314453125,-3.5597731028872825,-30.91416162269556,178.38625964275533
1654028897.05376,0.7,1.0722395579020183,-0.1373268127441407,-0.27439769695969873,10,11.104999542236328,-1.1049995422363281,-3.589150418874686,-18.088584777910302,185.44918470858585
1654028897.0785701,0.7,1.0911388397216797,-0.39113883972167973,-0.2841018812058282,10,11.089799880981445,-1.0897998809814453,-3.6161884364849524,0.6126406626882309,180.72449662616035
1654028897.1009076,0.7,1.3360740661621093,-0.39113883972167973,-0.2841018812058282,10,10.463000297546387,-0.4630002975463867,-3.6265306763123757,28.060497384993063,160.40920649317434
1654028897.1252375,0.7,1.2656930287679036,-0.5656930287679036,-0.2978651364459534,10,9.602700233459473,0.39729976654052734,-3.616864412427793,35.35978519701706,140.5881032569072
1654028897.1508813,0.7,0.5828613917032878,-0.5656930287679036,-0.2978651364459534,10,9.926899909973145,0.07310009002685547,-3.6149898464728434,-12.642406887446773,161.39027351050203
1654028897.1757054,0.7,1.150565465291341,-0.4505654652913411,-0.30905003774212425,10,10.325699806213379,-0.3256998062133789,-3.6230750648601937,-16.065001920860546,170.74879955437424
1654028897.2010312,0.7,0.7501616795857747,-0.4505654652913411,-0.30905003774212425,10,10.717100143432617,-0.7171001434326172,-3.64123618185028,-15.454624190390119,179.1927821271817
1654028897.226173,0.7,1.090981674194336,-0.39098167419433594,-0.31887998795725914,10,10.889800071716309,-0.8898000717163086,-3.6636072825531922,-6.869058908318476,181.05543953916217
1654028897.251126,0.7,1.2379589080810547,-0.39098167419433594,-0.31887998795725914,10,10.57129955291748,-0.5712995529174805,-3.6778629927992537,12.763952188494281,169.4227770849685
1654028897.2763193,0.7,1.3362656911214192,-0.6362656911214193,-0.3349095659395461,10,10.097299575805664,-0.09729957580566406,-3.6803142818751606,18.81458909035848,158.2354431915128
1654028897.3042629,0.7,1.3406864166259767,-0.6362656911214193,-0.3349095659395461,10,10.053400039672852,-0.05340003967285156,-3.6818064718189074,1.5710044025801166,162.5961842327149
1654028897.3254757,0.7,0.6643074035644532,0.035692596435546786,-0.3341524254502874,10,9.811100006103516,0.18889999389648438,-3.677799370960946,11.422341609252245,154.61846996157624
1654028897.35139,0.7,1.127111562093099,0.035692596435546786,-0.3341524254502874,10,10.293100357055664,-0.29310035705566406,-3.685394829947489,-18.59986015530122,173.59933770539317
1654028897.376224,0.7,0.9680435816446941,-0.2680435816446941,-0.34080906158140106,10,10.404199600219727,-0.40419960021972656,-3.695432785889187,-4.4736468193775085,172.025128629332
1654028897.4011447,0.7,0.9966978708902995,-0.2680435816446941,-0.34080906158140106,10,10.47760009765625,-0.47760009765625,-3.7073349155887794,-2.9453623535039464,173.55834694508246
1654028897.4257114,0.7,1.2440690358479818,-0.5440690358479818,-0.35417501537344287,10,10.286700248718262,-0.2867002487182617,-3.714378180365946,7.77069099378882,166.83543761233022
1654028897.4509792,0.7,1.3296255747477213,-0.5440690358479818,-0.35417501537344287,10,9.740900039672852,0.25909996032714844,-3.7078312841716237,21.60058878478218,151.48240066157382
1654028897.4769878,0.7,0.9137048721313477,-0.2137048721313477,-0.3597331811838048,10,9.645500183105469,0.35449981689453125,-3.698611238122174,3.668011146963919,154.54849479539584
1654028897.5012395,0.7,0.8374471664428711,-0.2137048721313477,-0.3597331811838048,10,9.809900283813477,0.19009971618652344,-3.6940009969401384,-6.77891052802328,160.7677227000426
1654028897.5263867,0.7,1.0904579162597656,-0.39045791625976567,-0.36955210435139085,10,10.602899551391602,-0.6028995513916016,-3.709162232316265,-31.534297226831004,184.721418417797
1654028897.55176,0.7,1.0798074086507161,-0.39045791625976567,-0.36955210435139085,10,10.9552001953125,-0.9552001953125,-3.7333987374398188,-13.884742959698562,187.53897124151158
1654028897.5776527,0.7,1.1653619130452475,-0.46536191304524754,-0.3816015968251219,10,10.75879955291748,-0.7587995529174805,-3.7530461328231635,7.585164177455296,178.0344716493322
1654028897.6024446,0.7,1.344457499186198,-0.46536191304524754,-0.3816015968251219,10,10.250699996948242,-0.2506999969482422,-3.759261476103637,20.49453286531711,164.27314502792973
1654028897.62544,0.7,1.496682866414388,-0.7966828664143881,-0.3999215053922647,10,9.708000183105469,0.29199981689453125,-3.752546872121746,23.600534997770843,152.19190553613495
1654028897.6518316,0.7,0.7337317148844401,-0.7966828664143881,-0.3999215053922647,10,10.086199760437012,-0.08619976043701172,-3.7548218341849573,-14.330222683951398,171.23522271806377
1654028897.677547,0.7,1.3065451304117839,-0.6065451304117839,-0.41551902638167176,10,10.666000366210938,-0.6660003662109375,-3.7719482674379545,-22.546867177214487,186.04979124465308
1654028897.7019522,0.7,0.9202878952026368,-0.6065451304117839,-0.41551902638167176,10,10.87969970703125,-0.87969970703125,-3.7934175508067423,-8.756288893447827,187.131253044156
1654028897.728088,0.7,1.1599750518798828,-0.45997505187988286,-0.42754078855296995,10,10.95460033416748,-0.9546003341674805,-3.81836668258922,-2.865837750066137,187.9598920422951
1654028897.7511706,0.7,1.2324878692626953,-0.45997505187988286,-0.42754078855296995,10,10.65429973602295,-0.6542997360229492,-3.8334697087987646,13.009750454470336,177.8557367712635
1654028897.776166,0.7,1.4236260732014974,-0.7236260732014974,-0.445628058875364,10,10.050100326538086,-0.05010032653808594,-3.834721982843183,24.17249470611801,162.47802536402637
1654028897.8004892,0.7,1.2437739054361978,-0.7236260732014974,-0.445628058875364,10,9.643400192260742,0.3565998077392578,-3.8260483254769664,16.720650074986033,156.19793514370554
1654028897.8266346,0.7,0.5853434880574544,0.11465651194254556,-0.44263031183255463,10,10.049699783325195,-0.04969978332519531,-3.8273477490855097,-15.539968266126825,174.05928710610436
1654028897.8511126,0.7,1.2365575154622397,0.11465651194254556,-0.44263031183255463,10,10.685999870300293,-0.685999870300293,-3.8441396255646563,-25.99481824911365,190.6605864055848
1654028897.8768978,0.7,1.0052979151407877,-0.30529791514078775,-0.45050248199961723,10,10.908900260925293,-0.908900260925293,-3.867575807615202,-8.644506292128598,190.94469264121332
1654028897.9007576,0.7,1.2704776763916015,-0.30529791514078775,-0.45050248199961723,10,10.616600036621094,-0.6166000366210938,-3.8822877237435645,12.250771921059206,179.47742900082093
1654028897.9259474,0.7,1.3380560557047525,-0.6380560557047525,-0.46657503527888117,10,9.9306001663208,0.06939983367919922,-3.880539550500151,27.233157286993393,161.18579636232462
1654028897.951832,0.7,1.5066468556722006,-0.6380560557047525,-0.46657503527888117,10,9.037500381469727,0.9624996185302734,-3.855625605639551,34.50309483457372,140.04660582716264
1654028897.9770455,0.7,0.7364112854003906,-0.036411285400390625,-0.46749309049494264,10,9.280900001525879,0.7190999984741211,-3.837494592213096,-9.653551199493158,157.36382744774173
1654028898.001457,0.7,1.2795939127604166,-0.036411285400390625,-0.46749309049494264,10,9.872400283813477,0.12759971618652344,-3.834379699410709,-24.230454443348407,173.42984878334525
1654028898.0264106,0.7,1.0728471120198568,-0.3728471120198569,-0.4767969695855699,10,10.23740005493164,-0.23740005493164062,-3.8403036863103974,-14.627136619435714,178.109504282121
1654028898.0525122,0.7,1.1566574096679687,-0.3728471120198569,-0.4767969695855699,10,10.371500015258789,-0.37150001525878906,-3.8500004270975463,-5.137616690111256,178.37130410450118
1654028898.0764563,0.7,1.2807504018147786,-0.5807504018147787,-0.4907025382100321,10,10.08489990234375,-0.08489990234375,-3.8520332822011536,11.9695307132402,167.59660324975368
1654028898.1005473,0.7,1.4395258585611979,-0.5807504018147787,-0.4907025382100321,10,9.503999710083008,0.4960002899169922,-3.8400841365754044,24.112741847691623,151.80987365667045
1654028898.1257842,0.7,1.2886617024739584,-0.5886617024739584,-0.5055585023625043,10,9.686599731445312,0.3134002685546875,-3.8321749025697667,-7.23545360931876,164.5183264247716
1654028898.151763,0.7,0.8909024556477865,-0.5886617024739584,-0.5055585023625043,10,10.12279987335205,-0.12279987335205078,-3.8353650963659387,-16.79061699843066,176.24924680667152
1654028898.1773343,0.7,0.9946651458740234,-0.2946651458740235,-0.5130934868451676,10,10.6141996383667,-0.6141996383666992,-3.8510710080054817,-19.216812426576166,187.49616084754803
1654028898.2029316,0.7,1.1641143798828124,-0.2946651458740235,-0.5130934868451676,10,10.871199607849121,-0.8711996078491211,-3.873371395268185,-10.040106926967391,190.86436562687277
1654028898.2270784,0.7,1.288430150349935,-0.588430150349935,-0.5273021892180264,10,10.240900039672852,-0.24090003967285156,-3.8791883592073813,26.102824869913803,167.67144113760764
1654028898.2510815,0.7,1.3361378987630208,-0.588430150349935,-0.5273021892180264,10,9.522700309753418,0.47729969024658203,-3.8677317209629276,29.92121260280504,151.65783813659564
1654028898.2797747,0.7,1.336904525756836,-0.636904525756836,-0.5455770176200172,10,8.647000312805176,1.3529996871948242,-3.8289098314779206,30.519426995047695,132.2562107426177
1654028898.3019736,0.7,0.5893194198608398,-0.636904525756836,-0.5455770176200172,10,8.787199974060059,1.2128000259399414,-3.801986986206037,-6.31560858778421,144.92610945060207
1654028898.326526,0.7,1.2699236551920572,-0.5699236551920572,-0.5595699799831836,10,8.951600074768066,1.0483999252319336,-3.776246309254537,-6.695902116915906,147.19560973763572
1654028898.3529706,0.7,0.9035483042399088,-0.5699236551920572,-0.5595699799831836,10,9.552200317382812,0.4477996826171875,-3.7644043928372124,-22.711577125237792,163.49127277006494
1654028898.375953,0.7,1.0919779459635417,-0.39197794596354174,-0.5685785578309399,10,9.81410026550293,0.1858997344970703,-3.760131978413545,-11.395694797448,165.14652079948897
1654028898.4016378,0.7,1.2470873514811198,-0.39197794596354174,-0.5685785578309399,10,9.64799976348877,0.35200023651123047,-3.7510909109374264,6.466870880905969,156.06793408675034
1654028898.4255562,0.7,1.2600653330485025,-0.5600653330485026,-0.5819744190457586,10,9.388799667358398,0.6112003326416016,-3.7364719828456767,10.836853699624207,148.92970448249048
1654028898.4525018,0.7,0.9119710286458333,-0.5600653330485026,-0.5819744190457586,10,9.745400428771973,0.25459957122802734,-3.7296116469374905,-13.234104301969598,162.9811523312799
1654028898.475659,0.7,0.5864378611246744,0.11356213887532551,-0.5793446469966457,10,10.406499862670898,-0.40649986267089844,-3.739025012936116,-28.54843093649617,181.2116271035559
1654028898.5106614,0.7,0.8057849248250325,0.11356213887532551,-0.5793446469966457,10,11.390299797058105,-1.3902997970581055,-3.78768893989656,-28.10658601875881,202.89628510223838
1654028898.5255957,0.7,0.854877789815267,-0.154877789815267,-0.5816576385862487,10,11.63479995727539,-1.6347999572753906,-3.812103535148543,-16.37171730072319,205.34006988226065
1654028898.552533,0.7,1.2349263509114583,-0.154877789815267,-0.5816576385862487,10,11.640700340270996,-1.640700340270996,-3.8562994843560485,-0.21904180274908613,202.55689665791078
1654028898.5764625,0.7,1.3147318522135416,-0.6147318522135417,-0.596367923425633,10,11.321399688720703,-1.3213996887207031,-3.8879200449919775,13.34333652160051,193.49347479758092
